Stat Id,Event Name,Event Property Name,Aggregation Type,Stat Display Name,Stat Description,Filter Property,Filter Operator,Filter Value,Is Competitive,Min limit,Max limit,Icon File Name,Good value direction,Unit
games_played,gameCompleted,board,COUNT,Games Played,Every game you finish in Goal Machine.,,,,false,,,games_played.png,INCREASING,
xis_built,gameCompleted,board,COUNT,XIs Built,"Every XI you draft, in any mode.",gameType,=,draft,false,,,xis_built.png,INCREASING,
daily_games,gameCompleted,board,COUNT,Daily Games Played,"Daily games finished: the Daily Ultimate, Daily CHAOS, Footle and more.",isDaily,=,TRUE,false,,,daily_games.png,INCREASING,
best_ultimate_normal,gameCompleted,score,MAX,Best Ultimate Wildcard (Normal),"Your highest Ultimate Wildcard score on Normal, in goals.",board,=,ultimate,false,,,best_ultimate_normal.png,INCREASING,
best_ultimate_hard,gameCompleted,score,MAX,Best Ultimate Wildcard (Hard),"Your highest Ultimate Wildcard score on Hard, in goals.",board,=,ultimateh,false,,,best_ultimate_hard.png,INCREASING,
best_ultimate_extreme,gameCompleted,score,MAX,Best Ultimate Wildcard (Extreme),"Your highest Ultimate Wildcard score on Extreme, in goals.",board,=,extreme,false,,,best_ultimate_extreme.png,INCREASING,
best_chaos_normal,gameCompleted,score,MAX,Best CHAOS (Normal),"Your highest CHAOS score on Normal, in points.",board,=,chaos,false,,,best_chaos_normal.png,INCREASING,
best_chaos_hard,gameCompleted,score,MAX,Best CHAOS (Hard),"Your highest CHAOS score on Hard, in points.",board,=,chaosh,false,,,best_chaos_hard.png,INCREASING,
best_chaos_extreme,gameCompleted,score,MAX,Best CHAOS (Extreme),"Your highest CHAOS score on Extreme, in points.",board,=,chaosx,false,,,best_chaos_extreme.png,INCREASING,
best_purist_normal,gameCompleted,score,MAX,Best Purist (Normal),"Your highest Purist score on Normal, in goals.",board,=,ultimatepure,false,,,best_purist_normal.png,INCREASING,
best_purist_hard,gameCompleted,score,MAX,Best Purist (Hard),"Your highest Purist score on Hard, in goals.",board,=,ultimatepureh,false,,,best_purist_hard.png,INCREASING,
best_purist_extreme,gameCompleted,score,MAX,Best Purist (Extreme),"Your highest Purist score on Extreme, in goals.",board,=,purist,false,,,best_purist_extreme.png,INCREASING,
packs_opened,packOpened,packType,COUNT,Packs Opened,Player packs you have opened.,,,,false,,,packs_opened.png,INCREASING,
cards_finished,cardFinished,tier,COUNT,Cards Finished,Player cards you have collected all the pieces of.,,,,false,,,cards_finished.png,INCREASING,
legend_cards,cardFinished,tier,COUNT,Legend Cards Finished,Legend (purple) cards you have finished.,tier,=,l,false,,,legend_cards.png,INCREASING,
badges_unlocked,badgeUnlocked,badge,COUNT,Badges Unlocked,Badges earned in Goal Machine.,,,,false,,,badges_unlocked.png,INCREASING,
online_played,onlineGameFinished,kind,COUNT,Online Games Played,Online games against friends and quick matches.,,,,false,,,online_played.png,INCREASING,
online_won,onlineGameFinished,kind,COUNT,Online Games Won,Online games you have won.,won,=,TRUE,false,,,online_won.png,INCREASING,
