First XI,first.jpg
300 Club,ult300.jpg
400 Club,ult400.jpg
Goal Machine,ult500.jpg
Creator,ast250.jpg
Iron Men,apps4000.jpg
Bullseye,bull.jpg
Treble Winners,treble.jpg
Near Miss,close.jpg
Title Race,contenders.jpg
Invincibles,invincible.jpg
Dead Rubber,relegated.jpg
Band of Brothers,chem5.jpg
Hall of Fame XI,hof3.jpg
World Champions,wc2.jpg
Club Legends,club5.jpg
Wildcard Wizard,wild5.jpg
Fortune Favours,coin.jpg
Agent of Chaos,chaos.jpg
Proper Fan,fan6.jpg
Lifers,lifers.jpg
Total Anarchy,cx1000.jpg
Vote of No Confidence,cxsack.jpg
Once in a Lifetime,cxleg.jpg
Meltdown,cxmeter.jpg
Gaffer’s Favourites,cxgaffer.jpg
Regular,daily3.jpg
Seven Up,daily7.jpg
Globetrotter,hop10.jpg
Frequent Flyer,hop20.jpg
Streaker,hilo10.jpg
On Fire,hilo25.jpg
Detective,who3000.jpg
Full House,grid.jpg
Human Calculator,tally700.jpg
Card Sharp,htwin.jpg
Clean Sheet,htnil.jpg
Scout,col100.jpg
Chief Scout,col500.jpg
Encyclopedia,col1000.jpg
Pantheon,hofall.jpg
Boot Room,gball.jpg
Ever Present,daily14.jpg
Season Ticket Holder,daily30.jpg
Kick-off,on1.jpg
Away Win,onwin.jpg
Serial Winners,onwin10.jpg
Beat Them All,onbeat5.jpg
All-Rounder,onall.jpg
Chaos Merchant,onchaos.jpg
The Magic Number,s442.jpg
AGÜEROOOO,saguero.jpg
Parked the Bus,sbus.jpg
Club Till I Die,sloyal.jpg
Night Owl,sowl.jpg
One-Season Wonders,sonce.jpg
The Slip,cxslip.jpg
"Dilly Ding, Dilly Dong",cxdilly.jpg
Fergie Time,cxfergie.jpg
We Are Not Alone,cxaliens.jpg
Pigeon Fancier,cxpigeon.jpg
Matchday,mdfirst.jpg
Split Loyalties,mdboth.jpg
Twelfth Man,md150.jpg
Matchday Regular,mdseason.jpg
Pundit,mdpundit.jpg
Derby Day,mdderby.jpg
International Duty,ibfirst.jpg
Golden Generation,ib250.jpg
World Tour,ibtour.jpg
In the Black,mbprofit.jpg
"Buy Low, Sell High",mbflip.jpg
Sold to Madrid,mbmadrid.jpg
Champions!,mbchamp.jpg
Unbeaten Season,mbinvincible.jpg
Cup Run,mbcup.jpg
Under Investigation,mbheat.jpg
Squeaky Clean,mbclean.jpg
Owner Out,mbout.jpg
Living the Dream,mbdream.jpg
First Blood,mbroyal.jpg
Big Time,mbarena.jpg
Long Live the Owner,mbreign.jpg
Statue,mbstatue.jpg
Pack Opener,colpack.jpg
Walkout,colwalk.jpg
Gold Standard,colgold.jpg
Legendary,collegend.jpg
Fully Packed,colxi.jpg
Home Nations,ibhome.jpg
Getting Going,g25.jpg
Centurion,g100.jpg
Part of the Furniture,g500.jpg
Climbing the Pyramid,lv10.jpg
Top Flight,lv30.jpg
Ballon d’Or,lv50.jpg
A Hundred Days,daily100.jpg
Pack Mentality,pk50.jpg
Extreme Measures,extreme.jpg
Ruthless,onwin25.jpg
