badge id,name,tier,points,achievement id (fill in from Play Console)
first,First XI,L,5,
ult300,300 Club,L,5,
ult400,400 Club,M,10,
ult500,Goal Machine,H,25,
ast250,Creator,M,10,
apps4000,Iron Men,M,10,
bull,Bullseye,M,10,
treble,Treble Winners,H,15,
close,Near Miss,M,5,
contenders,Title Race,M,10,
invincible,Invincibles,H,15,
relegated,Dead Rubber,L,5,
chem5,Band of Brothers,M,5,
hof3,Hall of Fame XI,M,5,
wc2,World Champions,M,5,
club5,Club Legends,L,5,
wild5,Wildcard Wizard,L,5,
coin,Fortune Favours,L,5,
chaos,Agent of Chaos,M,10,
fan6,Proper Fan,M,5,
lifers,Lifers,H,10,
cx1000,Total Anarchy,H,15,
cxsack,Vote of No Confidence,M,5,
cxleg,Once in a Lifetime,H,10,
cxmeter,Meltdown,M,5,
cxgaffer,Gaffer’s Favourites,M,5,
daily3,Regular,L,5,
daily7,Seven Up,M,5,
hop10,Globetrotter,L,5,
hop20,Frequent Flyer,M,5,
hilo10,Streaker,L,5,
hilo25,On Fire,M,5,
who3000,Detective,M,10,
grid,Full House,M,5,
tally700,Human Calculator,M,10,
htwin,Card Sharp,S,10,
htnil,Clean Sheet,S,5,
col100,Scout,M,5,
col500,Chief Scout,H,15,
col1000,Encyclopedia,H,25,
hofall,Pantheon,H,10,
gball,Boot Room,H,10,
daily14,Ever Present,M,10,
daily30,Season Ticket Holder,H,15,
on1,Kick-off,L,5,
onwin,Away Win,L,5,
onwin10,Serial Winners,M,5,
onbeat5,Beat Them All,M,10,
onall,All-Rounder,H,10,
onchaos,Chaos Merchant,M,5,
s442,The Magic Number,S,10,
saguero,AGÜEROOOO,S,5,
sbus,Parked the Bus,S,5,
sloyal,Club Till I Die,S,10,
sowl,Night Owl,S,5,
sonce,One-Season Wonders,S,10,
cxslip,The Slip,S,5,
cxdilly,"Dilly Ding, Dilly Dong",S,10,
cxfergie,Fergie Time,S,10,
cxaliens,We Are Not Alone,S,5,
cxpigeon,Pigeon Fancier,S,5,
mdfirst,Matchday,L,5,
mdboth,Split Loyalties,M,5,
md150,Twelfth Man,M,5,
mdseason,Matchday Regular,M,5,
mdpundit,Pundit,M,5,
mdderby,Derby Day,S,10,
ibfirst,International Duty,L,5,
ib250,Golden Generation,M,10,
ibtour,World Tour,M,5,
mbprofit,In the Black,M,10,
mbflip,"Buy Low, Sell High",M,10,
mbmadrid,Sold to Madrid,M,5,
mbchamp,Champions!,H,10,
mbinvincible,Unbeaten Season,H,10,
mbcup,Cup Run,M,10,
mbheat,Under Investigation,M,5,
mbclean,Squeaky Clean,M,10,
mbout,Owner Out,S,10,
mbdream,Living the Dream,M,5,
mbroyal,First Blood,S,10,
mbarena,Big Time,S,10,
mbreign,Long Live the Owner,S,10,
mbstatue,Statue,S,5,
colpack,Pack Opener,L,5,
colwalk,Walkout,M,5,
colgold,Gold Standard,M,10,
collegend,Legendary,H,10,
colxi,Fully Packed,H,10,
ibhome,Home Nations,S,10,
g25,Getting Going,L,5,
g100,Centurion,M,10,
g500,Part of the Furniture,H,25,
lv10,Climbing the Pyramid,M,10,
lv30,Top Flight,H,15,
lv50,Ballon d’Or,H,25,
daily100,A Hundred Days,H,25,
pk50,Pack Mentality,H,15,
extreme,Extreme Measures,M,10,
onwin25,Ruthless,H,15,
